"transcript","sequence","exon","gene","chrom","start","end","Occurrences_at_Hamming_2.mm","Occurrences_at_Hamming_2.hg","Occurrences_at_Hamming_1.hg","Occurrences_at_Hamming_0.hg","hamming_3_sum","guide_start","guide_end"
"ENSMUST00000031637","TAAGTTCTACTCTGTGAATG","ENSMUSE00000407924","Ndufa4","chr6",11900373,11900591,2,7,0,0,40,11900577,11900577
"ENSMUST00000031637","GGGTCCCAATGAACAATATA","ENSMUSE00000565347","Ndufa4","chr6",11905202,11905262,1,1,0,0,6,11905205,11905205
"ENSMUST00000031637","ATTTACACTCACCTGACATC","ENSMUSE00001367969","Ndufa4","chr6",11906020,11906080,0,0,0,0,12,11906024,11906024
"ENSMUST00000031637","ACTTACGCTGGGATGCTTCT","ENSMUSE00000363278","Ndufa4","chr6",11907324,11907450,0,0,1,0,9,11907334,11907334
"ENSMUST00000015816","TTAGGCACTTATTTAAAATC","ENSMUSE00000353820","Mrpl32","chr13",14610373,14610740,1,1,0,0,35,14610436,14610436
"ENSMUST00000015816","GGTCTCTGGACGGCTAATGC","ENSMUSE00001418725","Mrpl32","chr13",14611423,14611604,1,0,0,0,10,14611596,14611596
"ENSMUST00000015816","CGGACCGCTCCAGAGGTGCT","ENSMUSE00001415141","Mrpl32","chr13",14612908,14613015,1,0,0,0,4,14612953,14612953
"ENSMUST00000015816","TGCGTCCCGGACCGCTCCAG","ENSMUSE00001415141","Mrpl32","chr13",14612908,14613015,1,1,0,0,4,14612960,14612960
"ENSMUST00000205790","AACGGTTGTAAGGGTCCAAC","ENSMUSE00001370590","Olfr59","chr11",74288562,74289196,2,0,0,0,1,74289091,74289091
"ENSMUST00000205790","AGAAACAGCCTCAGAGTCTC","ENSMUSE00000717782","Olfr59","chr11",74283794,74284049,3,4,0,0,59,74283952,74283952
"ENSMUST00000111835","CAAACTTTCAACAATTATTT","ENSMUSE00000617644","Styx","chr14",45359259,45359356,2,5,0,0,91,45359351,45359351
"ENSMUST00000111835","CCCCCCTAGGAAGTTTTGCC","ENSMUSE00000617645","Styx","chr14",45356713,45356766,0,0,0,0,26,45356720,45356720
"ENSMUST00000205790","CATGGCCACAACGGTTGTAA","ENSMUSE00001370590","Olfr59","chr11",74288562,74289196,0,0,0,0,5,74289100,74289100
"ENSMUST00000205790","GGTGAAGAGGATGTCAACAC","ENSMUSE00001370590","Olfr59","chr11",74288562,74289196,3,2,0,0,43,74288851,74288851
"ENSMUST00000176395","TAGGGTCATACATCCACAAT","ENSMUSE00000955745","Vmn1r17","chr6",57360452,57361431,2,0,0,0,10,57360617,57360617
"ENSMUST00000176395","GTATGACCCTATCATCCTGC","ENSMUSE00000955745","Vmn1r17","chr6",57360452,57361431,0,0,0,0,13,57360593,57360593
"ENSMUST00000176395","TGCACTCAAAGCACCACCAG","ENSMUSE00000955745","Vmn1r17","chr6",57360452,57361431,0,0,0,0,15,57360480,57360480
"ENSMUST00000176395","TCTGAACCTGCAGGATGATA","ENSMUSE00000955745","Vmn1r17","chr6",57360452,57361431,0,0,0,0,32,57360599,57360599
"ENSMUST00000176954","TCTAGTGACATTTTGACTGC","ENSMUSE00000956726","Vmn1r11","chr6",57137299,57138325,0,1,0,0,16,57138235,57138235
"ENSMUST00000176954","ATGCTCTTTATATCCAAGCT","ENSMUSE00000956726","Vmn1r11","chr6",57137299,57138325,3,0,0,0,17,57137385,57137385
"ENSMUST00000176954","CAGCGAGGTATTGGGACTGA","ENSMUSE00000956726","Vmn1r11","chr6",57137299,57138325,1,1,0,0,17,57137667,57137667
"ENSMUST00000176954","ACATGGTGATAATCTTGTTC","ENSMUSE00000956726","Vmn1r11","chr6",57137299,57138325,1,1,0,0,20,57137958,57137958
"ENSMUST00000176874","TTTTAACAGTGATAATCGCC","ENSMUSE00000948115","Vmn1r28","chr6",58265078,58266162,1,1,0,0,14,58265716,58265716
"ENSMUST00000176874","AGATCTGTCACCTAGTATTA","ENSMUSE00000948115","Vmn1r28","chr6",58265078,58266162,3,1,0,0,18,58265260,58265260
"ENSMUST00000176874","TTTAACAGTGATAATCGCCA","ENSMUSE00000948115","Vmn1r28","chr6",58265078,58266162,1,0,0,0,20,58265717,58265717
"ENSMUST00000176874","TGAACTAAAGGAGTTAGTGT","ENSMUSE00000948115","Vmn1r28","chr6",58265078,58266162,1,0,0,0,37,58265994,58265994
"ENSMUST00000176572","CCATAAGTAGTAGGATGGTC","ENSMUSE00001056213","Vmn1r25","chr6",57978299,57979351,1,0,0,0,11,57978616,57978616
"ENSMUST00000176572","CCAGACCATCCTACTACTTA","ENSMUSE00001056213","Vmn1r25","chr6",57978299,57979351,1,0,0,0,12,57978604,57978604
"ENSMUST00000176572","CACCTGTTAGTCTATGTTGG","ENSMUSE00001056213","Vmn1r25","chr6",57978299,57979351,3,1,0,0,13,57978867,57978867
"ENSMUST00000176572","TTGTTATGGATGTATGACCC","ENSMUSE00001056213","Vmn1r25","chr6",57978299,57979351,0,1,0,0,13,57978528,57978528
"ENSMUST00000177072","TATACTGGTGCTTATATCAA","ENSMUSE00000952795","Vmn1r36","chr6",66715902,66716930,1,0,0,0,11,66716442,66716442
"ENSMUST00000177072","ATACTGGTGCTTATATCAAT","ENSMUSE00000952795","Vmn1r36","chr6",66715902,66716930,0,1,0,0,17,66716441,66716441
"ENSMUST00000177072","AAGCACCAGTATAGATGATG","ENSMUSE00000952795","Vmn1r36","chr6",66715902,66716930,5,0,0,0,23,66716464,66716464
"ENSMUST00000177072","ATTAACCACATCATCTATAC","ENSMUSE00000952795","Vmn1r36","chr6",66715902,66716930,1,0,0,0,25,66716457,66716457
"ENSMUST00000176085","AATGGTGTTCCTCACCGGAG","ENSMUSE00000947344","Vmn1r20","chr6",57431644,57432695,2,0,0,0,9,57431856,57431856
"ENSMUST00000176085","TAATGGTGTTCCTCACCGGA","ENSMUSE00000947344","Vmn1r20","chr6",57431644,57432695,3,0,0,0,10,57431855,57431855
"ENSMUST00000176085","ATAATGGTGTTCCTCACCGG","ENSMUSE00000947344","Vmn1r20","chr6",57431644,57432695,3,0,0,0,17,57431854,57431854
"ENSMUST00000176085","GGTATGACACAGTCATCCTG","ENSMUSE00000947344","Vmn1r20","chr6",57431644,57432695,4,0,0,0,22,57432473,57432473
"ENSMUST00000084756","CATTGCCCAATATGGTGGTG","ENSMUSE00000528160","Olfr467","chr7",107814580,107815506,0,0,0,0,21,107814694,107814694
"ENSMUST00000084756","GGATGGCAGTTCTCTCTCTC","ENSMUSE00000528160","Olfr467","chr7",107814580,107815506,0,1,0,0,30,107814844,107814844
"ENSMUST00000084756","ACAGCTCCACCAGTGGTGGG","ENSMUSE00000528160","Olfr467","chr7",107814580,107815506,2,1,0,0,36,107815129,107815129
"ENSMUST00000084756","AGTCAGACTCAGCAAACAGC","ENSMUSE00000528160","Olfr467","chr7",107814580,107815506,1,3,0,0,38,107815068,107815068
"ENSMUST00000177267","TTGCCAACAGTGATGTACTG","ENSMUSE00000951724","Vmn1r16","chr6",57322645,57323657,4,4,1,0,32,57323312,57323312
"ENSMUST00000177267","CAGCCCCAGTACATCACTGT","ENSMUSE00000951724","Vmn1r16","chr6",57322645,57323657,5,0,0,0,34,57323303,57323303
"ENSMUST00000177267","TACCACCTGCCTCCTGAGTG","ENSMUSE00000951724","Vmn1r16","chr6",57322645,57323657,5,4,0,0,58,57323342,57323342
"ENSMUST00000177267","TAATAACTATGTTGAAAAAC","ENSMUSE00000951724","Vmn1r16","chr6",57322645,57323657,0,3,0,0,60,57322758,57322758
"ENSMUST00000049559","ATATTCTTGTCGGCGTAGTG","ENSMUSE00000385426","Ear14","chr14",51203689,51204156,0,0,0,0,2,51204013,51204013
"ENSMUST00000049559","CAATGCAGATACCAAACGAC","ENSMUSE00000385426","Ear14","chr14",51203689,51204156,2,0,0,0,8,51204053,51204053
"ENSMUST00000049559","TATACTCGGTGTAAAACTTC","ENSMUSE00000385426","Ear14","chr14",51203689,51204156,1,0,0,0,8,51203785,51203785
"ENSMUST00000049559","ATACTCGGTGTAAAACTTCT","ENSMUSE00000385426","Ear14","chr14",51203689,51204156,1,1,0,0,11,51203784,51203784
"ENSMUST00000099002","ATTTGGAAAGTGTAAGCTGA","ENSMUSE00000678599","Zfp970","chr2",177477640,177478129,4,2,0,0,48,177477842,177477842
"ENSMUST00000176121","CAGTCCCAACTCCGCTTTGT","ENSMUSE00000999522","Vmn1r38","chr6",66776144,66777179,0,1,0,0,15,66776798,66776798
"ENSMUST00000176121","TTTTGCCAACAAAGCGGAGT","ENSMUSE00000999522","Vmn1r38","chr6",66776144,66777179,0,0,0,0,15,66776805,66776805
"ENSMUST00000176121","TTTGCCAACAAAGCGGAGTT","ENSMUSE00000999522","Vmn1r38","chr6",66776144,66777179,1,0,0,0,20,66776806,66776806
"ENSMUST00000176121","TCCCTATGAACAACATCATC","ENSMUSE00000999522","Vmn1r38","chr6",66776144,66777179,11,1,0,0,25,66776616,66776616
"ENSMUST00000176177","TGAAAATGATGTCAAATGTA","ENSMUSE00000949656","Vmn1r31","chr6",58471898,58472930,3,1,0,0,122,58472651,58472651
"ENSMUST00000215685","TGGACCCAAGTGAAAAGTGC","ENSMUSE00001402005","Rnf26","chr9",44110788,44112074,0,0,0,0,19,44110886,44110886
